Motorista,agendamento,Chegada
Rafael Batista,2020-10-12T15:17:05Z,2020-10-12T15:17:05Z
Luana Almeida,2020-10-16T00:50:39Z,2020-10-16T00:50:39Z
Beatriz Bueno,2020-10-16T16:29:15Z,2020-10-16T19:25:15Z
João Magalhães,2020-10-19T20:18:14Z,2020-10-19T17:18:14Z
Diego Barboza,2020-10-22T12:49:39Z,2020-10-22T08:49:39Z
Maria Pires,2020-10-26T00:35:22Z,2020-10-26T00:05:22Z
Marta Jesus,2020-11-01T14:45:41Z,2020-11-01T18:40:41Z
Laura Queiroz,2020-11-02T22:13:22Z,2020-11-02T18:53:22Z
Francisco Nascimento,2020-11-12T03:02:41Z,2020-11-12T03:02:41Z
Caio Batista,2020-11-15T07:17:25Z,2020-11-15T09:17:25Z
Eduardo Teixeira,2020-11-24T12:44:36Z,2020-11-24T13:24:36Z
Beatriz Araújo,2020-11-26T05:17:39Z,2020-11-26T10:17:39Z
Cristiano Fagundes,2020-12-01T22:40:40Z,2020-12-01T15:40:40Z
Stephanie Freire,2020-12-03T16:24:32Z,2020-12-03T17:24:32Z
Bruno Anjos,2020-12-04T17:42:34Z,2020-12-04T18:42:34Z
Daniela Pires,2020-12-07T19:24:54Z,2020-12-07T20:20:54Z
Gerson Barroso,2020-12-12T16:16:52Z,2020-12-12T20:16:52Z
Laura Santos,2020-12-12T21:29:54Z,2020-12-12T17:29:54Z
Hélen Souza,2020-12-13T08:41:05Z,2020-12-13T08:00:05Z
Mariana Alves,2020-12-16T15:41:00Z,2020-12-16T15:21:00Z
Gabriela Alves,2020-12-16T20:47:03Z,2020-12-16T20:03:03Z
Stephanie Rosa,2020-12-16T22:14:58Z,2020-12-16T22:54:58Z
Adalberto Silva,2020-12-22T10:51:28Z,2020-12-22T19:51:28Z
Caio Mendes,2020-12-26T15:38:15Z,2020-12-26T12:18:15Z
João da Silva,2020-12-28T12:51:34Z,2020-12-28T08:51:34Z
Frida Freire,2022-01-05T00:15:03Z,2022-01-05T00:25:03Z
Marcelo Barroso,2022-01-05T17:20:49Z,2022-01-05T20:20:49Z
Daniela Lima,2022-01-07T07:54:22Z,2022-01-07T09:54:22Z
Alice Ferreira,2022-01-13T10:35:01Z,2022-01-13T10:35:01Z
Daniela Avelino,2022-01-17T03:02:58Z,2022-01-17T01:02:58Z
Carol Anjos,2022-01-21T13:56:16Z,2022-01-21T18:56:16Z
Paulo Câmara,2022-01-23T19:14:21Z,2022-01-23T15:14:21Z
Cibele Costa,2022-01-24T16:21:06Z,2022-01-24T14:31:06Z
Diego Teixeira,2022-01-25T02:11:25Z,2022-01-25T05:11:25Z
Mariana Góes,2022-01-26T03:29:13Z,2022-01-26T02:25:13Z
Neymar Elísio,2022-01-29T03:19:24Z,2022-01-29T07:19:24Z
Cristiano Almeida,2022-02-03T07:37:38Z,2022-02-03T02:37:38Z
Willian Freitas,2022-02-06T05:56:36Z,2022-02-06T06:56:36Z
Everton Barbosa,2022-02-08T12:36:09Z,2022-02-08T12:36:09Z
Gustavo Cardoso,2022-02-20T19:16:26Z,2022-02-20T16:16:26Z
Diego Freire,2022-02-21T15:35:55Z,2022-02-21T15:35:55Z
Daniela Monteiro,2022-03-02T22:27:03Z,2022-03-02T22:27:03Z
Adalberto Oliveira,2022-03-12T09:30:24Z,2022-03-12T09:30:24Z
Daniela Mendes,2022-03-25T14:26:49Z,2022-03-25T14:26:49Z
Carol Barboza,2022-03-28T00:24:00Z,2022-03-28T00:24:00Z
Júlia Costa,2022-04-08T07:18:45Z,2022-04-08T07:18:45Z
João Almeida,2022-04-09T19:12:23Z,2022-04-09T19:12:23Z
Romário Rosa,2022-04-16T04:53:31Z,2022-04-16T04:53:31Z